Data,433 - Índice nacional de preços ao consumidor-amplo (IPCA) - Var. % mensal,3695 - Taxa de câmbio - Livre - Dólar americano (compra) - Fim de período - mensal - u.m.c./US$,4380 - PIB mensal - Valores correntes (R$ milhões) - R$ (milhões),4469 - Dívida Líquida do Setor Público - Saldos em R$ milhões - Total - Governo Federal - R$ (milhões),4470 - Dívida Líquida do Setor Público - Saldos em R$ milhões - Total - Banco Central - R$ (milhões),4472 - Dívida Líquida do Setor Público - Saldos em R$ milhões - Total - Governos estaduais - R$ (milhões),4473 - Dívida Líquida do Setor Público - Saldos em R$ milhões - Total - Governos municipais - R$ (milhões),13761 - Dívida bruta do governo geral - Saldos em R$ milhões - Metodologia utilizada a partir de 2008 - R$ (milhões),13762 - Dívida bruta do governo geral (% PIB) - Metodologia utilizada a partir de 2008 - %,"13763 - Dívida bruta do governo geral - Saldos em US$ milhões - Metodologia utilizada a partir de 2008 - US$ (milhões),,,,,,,,,,",4189 - Taxa de juros - Selic acumulada no mês anualizada base 252 - % a.a.,"4390 - Taxa de juros - Selic acumulada no mês - % a.m.,,","29037 - Endividamento das famílias com o Sistema Financeiro Nacional em relação à renda acumulada dos últimos doze meses (RNDBF) - %,"
12/2006,"0,48 ","2,1372 ","215.338,3 ","727.318,55 ","8.481,33 ","316.863,54 ","47.073,27 ","1.336.644,90 ","55,48 ","625.418,73","13,19 ","0,99","21,98"
01/2007,"0,44 ","2,1239 ","206.662,3 ","739.728,91 ","-4.509,71 ","316.460,09 ","46.447,36 ","1.367.451,91 ","56,17 ","643.840,6","13,13 ","1,8","22,28"
02/2007,"0,44 ","2,1174 ","201.552,1 ","747.648,62 ","-4.194,13 ","317.158,09 ","46.653,24 ","1.399.083,71 ","56,90 ","660.755,51","12,93 ","0,87","22,48"
03/2007,"0,37 ","2,0496 ","223.208,6 ","750.319,85 ","5.830,79 ","316.163,14 ","46.477,56 ","1.423.273,45 ","57,24 ","694.415,23","12,74 ","1,5","22,4"
04/2007,"0,25 ","2,0331 ","218.931,2 ","745.927,20 ","7.990,12 ","314.070,80 ","46.673,09 ","1.438.854,85 ","57,17 ","707.714,75","12,58 ","0,94","22,36"
05/2007,"0,28 ","1,9281 ","227.535,3 ","746.223,25 ","26.137,48 ","312.121,57 ","47.083,49 ","1.474.335,20 ","57,91 ","764.657,2","12,43 ","1,3","22,88"
06/2007,"0,28 ","1,9254 ","224.188,2 ","749.832,29 ","25.078,13 ","311.041,73 ","47.175,10 ","1.499.458,73 ","58,23 ","778.777,78","12,03 ","0,91","23,9"
07/2007,"0,24 ","1,8768 ","230.916,3 ","753.805,99 ","31.752,42 ","309.842,66 ","47.143,06 ","1.517.874,00 ","58,32 ","808.756,39","11,73 ","0,97","23,57"
08/2007,"0,47 ","1,9612 ","233.905,1 ","765.456,68 ","13.999,48 ","310.435,53 ","48.027,90 ","1.536.267,53 ","58,46 ","783.330,37","11,43 ","0,99","23,77"
09/2007,"0,18 ","1,8381 ","227.024,4 ","763.420,70 ","35.347,21 ","313.807,73 ","48.709,44 ","1.533.431,76 ","57,88 ","834.248,28","11,22 ","0,80","23,97"
10/2007,"0,30 ","1,7432 ","245.688,0 ","788.471,44 ","20.603,36 ","315.874,39 ","48.340,78 ","1.538.287,06 ","57,49 ","882.450,13","11,18 ","0,93","24,56"
11/2007,"0,38 ","1,7829 ","243.269,2 ","794.051,20 ","8.219,62 ","318.296,52 ","48.925,84 ","1.544.955,73 ","57,26 ","866.540,88","11,18 ","0,84","24,88"
12/2007,"0,74 ","1,7705 ","237.382,1 ","808.095,32 ","8.585,49 ","324.107,31 ","49.215,75 ","1.542.851,83 ","56,72 ","871.421,54","11,18 ","0,84","24,96"
01/2008,"0,54 ","1,7595 ","232.824,8 ","796.209,43 ","5.943,12 ","327.097,13 ","49.886,57 ","1.579.474,28 ","57,51 ","897.683,59","11,18 ","0,93","25,29"
02/2008,"0,49 ","1,6825 ","231.982,2 ","808.880,55 ","7.607,79 ","328.148,19 ","50.231,26 ","1.583.893,92 ","57,04 ","941.393,12","11,18 ","0,80","25,50"
03/2008,"0,48 ","1,7483 ","247.248,2 ","796.090,24 ","6.372,19 ","329.157,87 ","50.566,73 ","1.599.048,51 ","57,09 ","914.630,50","11,18 ","0,84","25,99"
04/2008,"0,55 ","1,6864 ","253.194,4 ","805.928,81 ","4.926,80 ","330.158,90 ","51.091,79 ","1.602.356,93 ","56,52 ","950.164,21","11,37 ","0,90","26,45"
05/2008,"0,79 ","1,6286 ","255.747,4 ","821.998,18 ","5.044,13 ","331.275,33 ","51.809,66 ","1.598.411,02 ","55,82 ","981.463,23","11,63 ","0,88","26,80"
06/2008,"0,74 ","1,5911 ","260.583,4 ","857.004,49 ","-23.714,17 ","335.979,04 ","52.485,43 ","1.612.136,73 ","55,60 ","1.013.221,50","12,09 ","0,96","26,92"
07/2008,"0,53 ","1,5658 ","271.290,4 ","864.154,11 ","-23.834,05 ","340.659,56 ","53.798,93 ","1.632.713,68 ","55,53 ","1.042.734,50","12,36 ","1,7","27,15"
08/2008,"0,28 ","1,6336 ","268.546,1 ","853.494,24 ","-25.065,12 ","344.564,29 ","54.691,81 ","1.634.590,62 ","54,95 ","1.000.606,40","12,92 ","1,2","27,25"
09/2008,"0,26 ","1,9135 ","272.766,1 ","808.957,67 ","-26.728,95 ","346.176,04 ","54.996,30 ","1.656.166,53 ","54,83 ","865.516,87","13,39 ","1,10","27,41"
10/2008,"0,45 ","2,1145 ","284.913,7 ","763.808,28 ","-21.208,17 ","349.426,23 ","55.868,06 ","1.684.285,47 ","55,05 ","796.540,78","13,66 ","1,18","27,78"
11/2008,"0,36 ","2,3323 ","272.120,8 ","736.065,55 ","-31.270,10 ","354.863,56 ","56.678,77 ","1.687.694,48 ","54,64 ","723.618,9","13,64 ","1,2","27,46"
12/2008,"0,28 ","2,3362 ","258.585,6 ","760.248,86 ","-31.922,08 ","359.575,17 ","55.378,85 ","1.740.887,81 ","55,98 ","745.179,27","13,66 ","1,12","27,44"
01/2009,"0,48 ","2,3154 ","244.784,1 ","779.974,74 ","-30.087,38 ","356.806,89 ","56.075,66 ","1.775.483,00 ","56,87 ","766.814,81","13,32 ","1,5","27,26"
02/2009,"0,55 ","2,3776 ","242.496,9 ","785.523,66 ","-33.796,31 ","356.739,65 ","56.263,75 ","1.791.071,99 ","57,18 ","753.310,90","12,66 ","0,86","27,26"
03/2009,"0,20 ","2,3144 ","268.846,1 ","784.916,13 ","-22.756,85 ","355.454,96 ","56.263,10 ","1.812.527,10 ","57,47 ","783.152,5","11,70 ","0,97","27,32"
04/2009,"0,48 ","2,1775 ","263.434,8 ","810.182,90 ","-21.106,84 ","351.369,55 ","56.077,22 ","1.797.074,17 ","56,80 ","825.292,39","11,11 ","0,84","27,49"
05/2009,"0,47 ","1,9722 ","268.734,4 ","851.139,27 ","-21.658,82 ","348.151,04 ","56.015,27 ","1.813.137,25 ","57,07 ","919.347,56","10,16 ","0,77","27,85"
06/2009,"0,36 ","1,9508 ","271.408,2 ","867.950,87 ","-22.081,22 ","348.142,52 ","55.815,89 ","1.859.801,55 ","58,34 ","953.353,27","9,54 ","0,76","28,1"
07/2009,"0,24 ","1,8718 ","281.453,7 ","905.682,49 ","-34.178,28 ","347.454,89 ","56.487,57 ","1.908.617,46 ","59,68 ","1.019.669,55","9,01 ","0,79","28,15"
08/2009,"0,15 ","1,8856 ","282.514,8 ","912.781,60 ","-34.609,02 ","346.361,30 ","56.350,45 ","1.951.925,05 ","60,77 ","1.035.174,51","8,65 ","0,69","28,42"
09/2009,"0,24 ","1,7773 ","288.874,7 ","950.373,54 ","-34.195,92 ","345.487,02 ","56.624,10 ","1.962.852,34 ","60,80 ","1.104.401,25","8,65 ","0,69","28,76"
10/2009,"0,28 ","1,7432 ","309.141,3 ","956.518,33 ","-35.135,83 ","346.074,41 ","56.500,46 ","1.983.867,72 ","61,00 ","1.138.060,88","8,65 ","0,69","28,93"
11/2009,"0,41 ","1,7497 ","307.943,5 ","954.910,39 ","-35.397,89 ","346.869,81 ","56.782,34 ","1.980.097,86 ","60,22 ","1.131.678,49","8,65 ","0,66","29,12"
12/2009,"0,37 ","1,7404 ","303.406,8 ","971.724,23 ","-39.188,94 ","350.338,65 ","56.065,78 ","1.973.423,68 ","59,21 ","1.133.890,88","8,65 ","0,73","29,45"
01/2010,"0,75 ","1,8740 ","284.387,8 ","948.326,89 ","-44.430,05 ","350.985,68 ","55.681,09 ","2.015.576,95 ","59,76 ","1.075.548,0","8,65 ","0,66","29,82"
02/2010,"0,78 ","1,8102 ","283.355,0 ","971.834,29 ","-45.006,62 ","351.695,98 ","57.112,35 ","2.014.967,24 ","59,03 ","1.113.118,57","8,65 ","0,59","29,95"
03/2010,"0,52 ","1,7802 ","318.654,6 ","988.477,87 ","-40.408,23 ","353.509,45 ","57.590,64 ","1.947.898,93 ","56,24 ","1.094.202,30","8,65 ","0,76","30,35"
04/2010,"0,57 ","1,7298 ","311.649,1 ","993.646,50 ","-42.204,06 ","353.337,67 ","58.043,52 ","1.968.164,60 ","56,05 ","1.137.798,94","8,72 ","0,67","30,70"
05/2010,"0,43 ","1,8159 ","315.947,2 ","993.112,82 ","-44.574,06 ","356.055,67 ","58.805,33 ","1.991.352,70 ","55,96 ","1.096.620,24","9,40 ","0,75","31,19"
06/2010,"0,00 ","1,8007 ","316.548,7 ","1.002.689,11 ","-46.532,05 ","361.834,09 ","59.366,14 ","2.010.317,66 ","55,78 ","1.116.408,99","9,94 ","0,79","31,41"
07/2010,"0,01 ","1,7564 ","328.892,6 ","1.023.299,55 ","-46.874,39 ","363.251,92 ","60.015,50 ","2.027.615,02 ","55,53 ","1.154.415,29","10,32 ","0,86","32,3"
08/2010,"0,04 ","1,7552 ","332.376,6 ","1.034.551,51 ","-48.742,98 ","364.439,50 ","60.457,52 ","2.034.861,82 ","54,98 ","1.159.333,31","10,66 ","0,89","32,34"
09/2010,"0,45 ","1,6934 ","336.665,5 ","1.019.038,64 ","-38.254,88 ","368.099,77 ","61.092,30 ","2.057.909,40 ","54,89 ","1.215.252,98","10,66 ","0,85","32,65"
10/2010,"0,75 ","1,7006 ","350.938,6 ","1.019.026,28 ","-39.669,14 ","372.024,17 ","61.709,14 ","2.087.755,65 ","55,07 ","1.227.658,27","10,66 ","0,81","32,94"
11/2010,"0,83 ","1,7153 ","358.431,8 ","1.030.095,79 ","-41.085,17 ","376.070,81 ","62.187,29 ","2.099.149,01 ","54,65 ","1.223.779,52","10,66 ","0,81","33,46"
12/2010,"0,63 ","1,6654 ","347.999,5 ","1.044.518,15 ","-43.401,37 ","387.502,86 ","63.263,54 ","2.011.521,66 ","51,77 ","1.207.830,95","10,66 ","0,93","33,97"
01/2011,"0,83 ","1,6726 ","327.592,4 ","1.045.669,08 ","-44.957,18 ","387.084,77 ","63.293,63 ","2.058.854,32 ","52,40 ","1.230.930,48","10,85 ","0,86","34,10"
02/2011,"0,80 ","1,6604 ","332.316,4 ","1.062.416,83 ","-47.729,12 ","388.286,00 ","63.924,66 ","2.083.421,75 ","52,37 ","1.254.770,99","11,17 ","0,84","34,23"
03/2011,"0,79 ","1,6279 ","356.621,8 ","1.073.244,14 ","-45.058,11 ","389.067,86 ","64.745,76 ","2.112.891,09 ","52,61 ","1.297.924,37","11,62 ","0,92","34,86"
04/2011,"0,77 ","1,5725 ","354.607,7 ","1.084.394,89 ","-46.437,17 ","390.091,16 ","65.458,97 ","2.135.389,03 ","52,61 ","1.357.958,5","11,74 ","0,84","34,90"
05/2011,"0,47 ","1,5791 ","368.282,8 ","1.098.179,36 ","-49.152,69 ","391.390,02 ","66.115,19 ","2.146.725,96 ","52,22 ","1.359.461,69","11,92 ","0,99","35,12"
06/2011,"0,15 ","1,5603 ","363.821,7 ","1.112.485,93 ","-51.605,39 ","390.557,27 ","66.014,86 ","2.177.090,41 ","52,35 ","1.395.302,45","12,10 ","0,96","35,29"
07/2011,"0,16 ","1,5555 ","367.341,3 ","1.117.200,97 ","-52.436,37 ","390.351,35 ","66.412,91 ","2.204.280,74 ","52,52 ","1.417.088,23","12,25 ","0,97","35,36"
08/2011,"0,37 ","1,5864 ","374.873,1 ","1.111.732,31 ","-43.301,66 ","389.672,40 ","66.951,10 ","2.216.647,64 ","52,29 ","1.397.281,67","12,42 ","1,7","35,97"
09/2011,"0,53 ","1,8536 ","370.119,9 ","1.038.258,49 ","-45.994,29 ","395.220,21 ","68.440,15 ","2.226.487,19 ","52,11 ","1.201.169,18","11,91 ","0,94","36,27"
10/2011,"0,43 ","1,6878 ","383.767,3 ","1.092.661,34 ","-47.113,24 ","395.940,01 ","68.727,23 ","2.226.255,49 ","51,70 ","1.319.028,2","11,70 ","0,88","36,43"
11/2011,"0,52 ","1,8102 ","391.536,4 ","1.066.589,03 ","-51.241,03 ","398.913,65 ","69.512,46 ","2.245.928,13 ","51,76 ","1.240.707,18","11,40 ","0,86","36,46"
12/2011,"0,50 ","1,8751 ","385.501,2 ","1.061.808,61 ","-52.616,76 ","404.620,94 ","69.724,30 ","2.243.603,72 ","51,27 ","1.196.524,84","10,90 ","0,91","36,53"
01/2012,"0,56 ","1,7385 ","364.188,7 ","1.103.174,69 ","-51.504,85 ","399.399,87 ","69.182,46 ","2.287.084,44 ","51,83 ","1.315.550,44","10,70 ","0,89","36,80"
02/2012,"0,45 ","1,7086 ","367.527,7 ","1.122.851,53 ","-50.526,38 ","397.624,73 ","69.776,79 ","2.322.816,00 ","52,22 ","1.359.484,96","10,40 ","0,75","36,82"
03/2012,"0,21 ","1,8215 ","397.757,8 ","1.088.494,97 ","-43.696,09 ","398.876,60 ","70.255,39 ","2.366.667,46 ","52,72 ","1.299.295,89","9,82 ","0,82","36,91"
04/2012,"0,64 ","1,8912 ","385.882,7 ","1.061.936,56 ","-44.764,75 ","401.660,38 ","71.012,03 ","2.405.973,84 ","53,22 ","1.272.194,29","9,35 ","0,71","37,1"
05/2012,"0,36 ","2,0217 ","401.863,7 ","1.035.849,47 ","-49.989,09 ","408.312,90 ","72.478,72 ","2.425.795,73 ","53,27 ","1.199.879,18","8,87 ","0,74","37,20"
06/2012,"0,08 ","2,0207 ","395.379,2 ","1.044.473,62 ","-53.640,53 ","413.921,87 ","73.969,53 ","2.449.693,36 ","53,42 ","1.212.299,38","8,39 ","0,64","37,40"
07/2012,"0,43 ","2,0494 ","409.024,9 ","1.041.538,17 ","-54.590,40 ","418.478,37 ","74.740,77 ","2.480.227,83 ","53,60 ","1.210.221,45","8,07 ","0,68","37,53"
08/2012,"0,41 ","2,0366 ","418.752,4 ","1.058.907,70 ","-60.887,14 ","424.178,72 ","76.538,02 ","2.491.332,22 ","53,33 ","1.223.280,8","7,85 ","0,69","37,70"
09/2012,"0,57 ","2,0300 ","402.671,5 ","1.049.294,61 ","-47.793,04 ","430.573,06 ","77.756,40 ","2.542.432,69 ","54,05 ","1.252.429,90","7,39 ","0,54","37,49"
10/2012,"0,59 ","2,0308 ","431.399,9 ","1.054.999,37 ","-51.653,22 ","434.411,33 ","78.476,61 ","2.590.520,15 ","54,52 ","1.275.615,59","7,23 ","0,61","37,67"
11/2012,"0,60 ","2,1068 ","426.614,9 ","1.050.451,38 ","-55.407,44 ","435.066,87 ","78.757,25 ","2.615.831,55 ","54,65 ","1.241.613,61","7,14 ","0,55","37,84"
12/2012,"0,79 ","2,0429 ","413.696,7 ","1.061.857,96 ","-59.653,27 ","441.099,85 ","78.322,82 ","2.583.946,35 ","53,67 ","1.264.842,31","7,16 ","0,55","38,0"
01/2013,"0,86 ","1,9877 ","408.895,0 ","1.079.725,51 ","-64.799,33 ","441.084,34 ","78.710,99 ","2.623.366,11 ","53,98 ","1.319.799,82","7,11 ","0,60","38,19"
02/2013,"0,60 ","1,9749 ","398.087,4 ","1.112.300,00 ","-66.903,16 ","441.008,68 ","78.484,54 ","2.641.965,88 ","54,03 ","1.337.771,98","7,12 ","0,49","38,27"
03/2013,"0,47 ","2,0132 ","434.631,2 ","1.102.030,54 ","-56.447,72 ","443.423,63 ","78.511,23 ","2.663.208,83 ","54,05 ","1.322.873,45","7,15 ","0,55","38,10"
04/2013,"0,55 ","2,0011 ","446.508,1 ","1.112.520,53 ","-61.071,75 ","443.679,91 ","78.830,27 ","2.682.330,01 ","53,78 ","1.340.427,77","7,26 ","0,61","38,25"
05/2013,"0,37 ","2,1314 ","441.321,9 ","1.091.595,21 ","-64.714,89 ","447.137,87 ","79.535,61 ","2.710.764,58 ","53,92 ","1.271.823,49","7,42 ","0,60","38,38"
06/2013,"0,26 ","2,2150 ","434.750,0 ","1.087.256,07 ","-66.732,45 ","448.988,71 ","80.800,47 ","2.715.918,70 ","53,61 ","1.226.148,40","7,90 ","0,61","38,37"
07/2013,"0,03 ","2,2897 ","452.593,1 ","1.074.798,85 ","-70.932,15 ","457.354,65 ","82.132,27 ","2.744.022,88 ","53,70 ","1.198.420,26","8,23 ","0,72","38,54"
08/2013,"0,24 ","2,3719 ","453.785,4 ","1.070.029,33 ","-73.189,15 ","462.071,96 ","83.101,76 ","2.749.278,71 ","53,44 ","1.159.103,97","8,45 ","0,71","38,66"
09/2013,"0,35 ","2,2294 ","447.755,7 ","1.111.910,25 ","-52.225,71 ","461.635,75 ","83.350,59 ","2.747.899,58 ","52,95 ","1.232.573,60","8,90 ","0,71","38,46"
10/2013,"0,57 ","2,2020 ","475.721,2 ","1.129.924,31 ","-59.063,19 ","468.967,88 ","84.263,93 ","2.779.361,47 ","53,10 ","1.262.198,67","9,25 ","0,81","38,35"
11/2013,"0,54 ","2,3243 ","470.316,2 ","1.086.565,72 ","-64.912,53 ","475.488,34 ","85.788,57 ","2.783.266,92 ","52,73 ","1.197.464,58","9,45 ","0,72","38,37"
12/2013,"0,92 ","2,3420 ","467.253,8 ","1.090.393,26 ","-65.035,47 ","483.257,38 ","86.536,38 ","2.747.996,71 ","51,54 ","1.173.354,70","9,90 ","0,79","38,36"
01/2014,"0,55 ","2,4257 ","453.273,1 ","1.079.746,73 ","-69.338,40 ","484.449,56 ","86.754,96 ","2.829.599,14 ","52,63 ","1.166.508,28","10,17 ","0,85","38,36"
02/2014,"0,69 ","2,3327 ","455.504,9 ","1.118.690,91 ","-68.829,92 ","482.146,27 ","86.011,33 ","2.816.714,17 ","51,84 ","1.207.490,96","10,43 ","0,79","38,29"
03/2014,"0,92 ","2,2624 ","477.203,1 ","1.133.663,12 ","-52.579,92 ","486.243,52 ","86.738,05 ","2.835.759,16 ","51,79 ","1.253.429,61","10,65 ","0,77","38,18"
04/2014,"0,67 ","2,2354 ","479.730,3 ","1.134.444,21 ","-53.045,33 ","494.711,09 ","87.737,30 ","2.865.058,28 ","52,00 ","1.281.675,89","10,87 ","0,82","38,17"
05/2014,"0,46 ","2,2384 ","481.273,6 ","1.163.040,72 ","-57.380,79 ","498.800,10 ","88.988,84 ","2.895.819,41 ","52,18 ","1.293.700,59","10,90 ","0,87","38,34"
06/2014,"0,40 ","2,2019 ","461.317,9 ","1.192.936,90 ","-56.652,88 ","498.493,35 ","88.312,64 ","2.941.138,57 ","52,75 ","1.335.727,59","10,90 ","0,82","38,52"
07/2014,"0,01 ","2,2668 ","486.870,2 ","1.209.179,80 ","-59.878,99 ","502.090,76 ","88.408,87 ","2.983.108,33 ","53,17 ","1.315.999,79","10,90 ","0,95","38,61"
08/2014,"0,25 ","2,2390 ","483.776,6 ","1.246.139,44 ","-59.279,94 ","503.814,59 ","88.378,55 ","3.034.679,53 ","53,81 ","1.355.372,72","10,90 ","0,87","38,68"
09/2014,"0,57 ","2,4504 ","491.478,6 ","1.245.574,94 ","-63.128,72 ","515.751,10 ","88.954,02 ","3.132.133,12 ","55,11 ","1.278.212,99","10,90 ","0,91","38,78"
10/2014,"0,42 ","2,4436 ","509.092,1 ","1.270.256,76 ","-72.845,54 ","519.551,47 ","88.802,67 ","3.168.712,96 ","55,43 ","1.296.739,63","10,92 ","0,95","39,0"
11/2014,"0,51 ","2,5595 ","498.553,1 ","1.271.354,06 ","-78.681,43 ","529.054,06 ","90.679,12 ","3.217.851,37 ","56,01 ","1.257.218,74","11,15 ","0,84","39,1"
12/2014,"0,78 ","2,6556 ","500.879,4 ","1.272.707,44 ","-72.027,86 ","551.199,20 ","91.866,43 ","3.252.448,55 ","56,28 ","1.224.750,92","11,58 ","0,96","39,29"
01/2015,"1,24 ","2,6617 ","474.633,2 ","1.296.392,75 ","-88.990,83 ","546.403,72 ","91.472,44 ","3.315.324,38 ","57,16 ","1.245.566,51","11,82 ","0,94","39,64"
02/2015,"1,22 ","2,8777 ","467.010,8 ","1.280.795,88 ","-91.687,69 ","553.748,78 ","92.742,96 ","3.386.880,84 ","58,28 ","1.176.940,21","12,15 ","0,82","39,64"
03/2015,"1,32 ","3,2074 ","515.014,7 ","1.255.235,71 ","-114.922,83 ","570.166,59 ","94.329,97 ","3.480.229,29 ","59,49 ","1.085.062,45","12,58 ","1,4","39,74"
04/2015,"0,71 ","2,9930 ","497.149,8 ","1.307.305,17 ","-116.890,92 ","569.952,93 ","94.910,91 ","3.468.109,37 ","59,11 ","1.158.740,18","12,68 ","0,95","40,3"
05/2015,"0,74 ","3,1781 ","492.262,5 ","1.307.041,55 ","-123.772,73 ","580.533,96 ","96.553,81 ","3.538.708,31 ","60,20 ","1.113.466,63","13,15 ","0,99","40,5"
06/2015,"0,79 ","3,1019 ","490.557,5 ","1.353.481,53 ","-115.124,27 ","582.658,63 ","97.435,39 ","3.588.440,40 ","60,75 ","1.156.852,38","13,58 ","1,7","40,13"
07/2015,"0,62 ","3,3934 ","507.287,8 ","1.343.208,65 ","-139.075,13 ","600.143,72 ","99.946,16 ","3.684.950,96 ","62,16 ","1.085.917,6","13,69 ","1,18","40,42"
08/2015,"0,22 ","3,6461 ","501.272,7 ","1.318.563,81 ","-152.012,09 ","613.403,69 ","102.306,64 ","3.743.680,99 ","62,97 ","1.026.763,11","14,15 ","1,11","40,61"
09/2015,"0,54 ","3,9722 ","499.667,8 ","1.297.564,09 ","-173.509,39 ","627.455,25 ","104.591,39 ","3.789.051,79 ","63,65 ","953.892,50","14,15 ","1,11","40,84"
10/2015,"0,82 ","3,8582 ","521.343,0 ","1.355.761,60 ","-172.389,93 ","632.983,24 ","106.124,80 ","3.813.936,88 ","63,93 ","988.527,52","14,15 ","1,11","40,87"
11/2015,"1,01 ","3,8499 ","514.153,5 ","1.411.361,66 ","-184.009,23 ","641.651,87 ","107.865,81 ","3.844.680,88 ","64,28 ","998.644,35","14,15 ","1,6","40,60"
12/2015,"0,96 ","3,9042 ","515.433,7 ","1.500.582,44 ","-187.620,71 ","660.099,49 ","111.535,25 ","3.927.523,06 ","65,50 ","1.005.973,84","14,15 ","1,16","40,9"
01/2016,"1,27 ","4,0422 ","482.478,1 ","1.511.508,48 ","-219.477,32 ","663.717,09 ","111.562,82 ","3.992.779,14 ","66,51 ","987.773,77","14,15 ","1,6","40,6"
02/2016,"0,90 ","3,9790 ","490.206,0 ","1.627.008,54 ","-227.491,62 ","669.810,69 ","63.572,79 ","4.017.298,55 ","66,66 ","1.009.625,17","14,15 ","1,0","39,70"
03/2016,"0,43 ","3,5583 ","527.614,7 ","1.696.186,30 ","-162.304,86 ","663.598,54 ","63.343,29 ","4.005.700,25 ","66,33 ","1.125.734,27","14,15 ","1,16","39,55"
04/2016,"0,61 ","3,4502 ","520.744,6 ","1.732.017,89 ","-156.444,13 ","663.213,09 ","63.419,74 ","4.039.289,28 ","66,62 ","1.170.740,62","14,15 ","1,6","39,28"
05/2016,"0,78 ","3,5945 ","516.214,6 ","1.758.618,01 ","-170.047,46 ","670.311,82 ","64.845,35 ","4.113.898,58 ","67,59 ","1.144.498,14","14,15 ","1,11","39,22"
06/2016,"0,35 ","3,2092 ","522.090,9 ","1.898.646,18 ","-152.104,29 ","665.058,54 ","63.407,38 ","4.130.830,60 ","67,51 ","1.287.183,91","14,15 ","1,16","39,7"
07/2016,"0,52 ","3,2384 ","522.411,3 ","1.976.759,06 ","-156.717,76 ","631.704,32 ","64.204,93 ","4.213.993,30 ","68,70 ","1.301.257,81","14,15 ","1,11","38,88"
08/2016,"0,44 ","3,2397 ","530.544,4 ","1.993.853,80 ","-157.795,98 ","684.007,54 ","64.505,04 ","4.272.828,76 ","69,33 ","1.318.896,43","14,15 ","1,22","38,78"
09/2016,"0,08 ","3,2456 ","524.214,8 ","2.057.867,99 ","-160.118,34 ","690.004,49 ","57.979,05 ","4.329.703,13 ","69,98 ","1.334.022,41","14,15 ","1,11","38,53"
10/2016,"0,26 ","3,1805 ","539.822,3 ","2.074.501,67 ","-155.565,36 ","691.769,87 ","58.053,43 ","4.330.508,19 ","69,78 ","1.361.580,94","14,05 ","1,5","38,28"
11/2016,"0,18 ","3,3961 ","545.695,4 ","2.071.241,31 ","-142.413,56 ","700.745,70 ","59.752,35 ","4.418.424,09 ","70,84 ","1.301.028,85","13,90 ","1,4","38,31"
12/2016,"0,30 ","3,2585 ","547.290,8 ","2.247.463,59 ","-157.330,93 ","686.022,68 ","61.480,31 ","4.378.486,39 ","69,84 ","1.343.712,26","13,65 ","1,12","38,20"
01/2017,"0,38 ","3,1264 ","514.653,7 ","2.308.426,63 ","-175.458,42 ","679.079,85 ","59.641,08 ","4.399.046,84 ","69,81 ","1.407.064,62","13,17 ","1,9","38,5"
02/2017,"0,33 ","3,0987 ","510.348,4 ","2.371.349,28 ","-177.502,39 ","678.951,59 ","58.856,04 ","4.450.006,77 ","70,39 ","1.436.088,29","12,82 ","0,87","37,92"
03/2017,"0,25 ","3,1678 ","560.671,3 ","2.403.521,60 ","-174.959,83 ","675.775,33 ","59.099,39 ","4.527.003,45 ","71,24 ","1.429.068,58","12,15 ","1,5","37,83"
04/2017,"0,14 ","3,1978 ","537.465,7 ","2.407.694,44 ","-177.740,47 ","679.405,84 ","59.489,72 ","4.547.705,05 ","71,38 ","1.422.135,55","11,59 ","0,79","37,49"
05/2017,"0,31 ","3,2431 ","550.560,4 ","2.456.365,51 ","-180.294,02 ","682.956,64 ","59.817,54 ","4.633.516,80 ","72,33 ","1.428.730,78","11,15 ","0,93","37,35"
06/2017,"-0,23 ","3,3076 ","542.703,5 ","2.482.902,91 ","-174.367,08 ","687.395,64 ","60.308,54 ","4.674.598,72 ","72,74 ","1.413.290,22","10,15 ","0,81","37,36"
07/2017,"0,24 ","3,1301 ","548.635,1 ","2.578.528,15 ","-173.608,49 ","684.268,92 ","60.753,11 ","4.722.126,38 ","73,18 ","1.508.618,38","10,01 ","0,80","37,36"
08/2017,"0,19 ","3,1465 ","555.957,5 ","2.620.832,40 ","-178.382,67 ","685.869,82 ","60.555,15 ","4.768.883,31 ","73,62 ","1.515.615,23","9,15 ","0,80","37,41"
09/2017,"0,16 ","3,1674 ","544.042,6 ","2.660.318,57 ","-170.146,55 ","690.835,93 ","60.305,31 ","4.789.341,59 ","73,71 ","1.512.073,50","8,35 ","0,64","37,28"
10/2017,"0,42 ","3,2763 ","568.497,4 ","2.655.280,94 ","-174.626,27 ","698.717,62 ","61.083,61 ","4.837.222,06 ","74,12 ","1.476.428,31","8,01 ","0,64","37,33"
11/2017,"0,28 ","3,2610 ","573.836,8 ","2.690.505,48 ","-178.620,18 ","701.053,37 ","62.298,84 ","4.852.557,49 ","74,03 ","1.488.058,11","7,40 ","0,57","37,40"
12/2017,"0,44 ","3,3074 ","578.106,5 ","2.715.958,20 ","-181.839,40 ","724.079,77 ","65.323,50 ","4.854.678,59 ","73,72 ","1.467.823,24","7,00 ","0,54","37,25"
01/2018,"0,29 ","3,1618 ","553.172,4 ","2.755.556,65 ","-185.365,87 ","714.110,54 ","63.179,26 ","4.904.275,23 ","74,04 ","1.551.102,29","6,90 ","0,58","37,33"
02/2018,"0,32 ","3,2443 ","539.701,4 ","2.776.111,78 ","-189.097,49 ","721.110,37 ","63.050,62 ","4.957.219,32 ","74,51 ","1.527.978,9","6,72 ","0,47","37,33"
03/2018,"0,09 ","3,3232 ","589.209,2 ","2.788.534,65 ","-177.933,23 ","727.795,66 ","63.429,42 ","4.984.707,60 ","74,60 ","1.499.972,20","6,58 ","0,53","37,36"
04/2018,"0,22 ","3,4805 ","587.154,6 ","2.761.224,58 ","-180.807,58 ","740.522,58 ","64.618,78 ","5.045.749,25 ","74,96 ","1.449.719,65","6,40 ","0,52","37,58"
05/2018,"0,40 ","3,7364 ","562.318,2 ","2.723.310,56 ","-187.266,73 ","751.927,86 ","65.406,65 ","5.133.267,76 ","76,12 ","1.373.853,91","6,40 ","0,52","37,85"
06/2018,"1,26 ","3,8552 ","584.626,2 ","2.746.860,00 ","-196.353,25 ","761.109,48 ","65.705,84 ","5.165.402,55 ","76,13 ","1.339.853,33","6,40 ","0,52","37,94"
07/2018,"0,33 ","3,7543 ","592.540,5 ","2.814.647,01 ","-200.234,22 ","760.189,65 ","66.685,53 ","5.186.540,04 ","75,95 ","1.381.493,23","6,40 ","0,54","37,91"
08/2018,"-0,09 ","4,1347 ","599.084,3 ","2.748.393,23 ","-199.098,15 ","778.695,76 ","68.676,86 ","5.223.985,95 ","76,02 ","1.263.449,81","6,40 ","0,57","38,9"
09/2018,"0,48 ","4,0033 ","576.231,0 ","2.826.794,10 ","-191.475,17 ","778.020,32 ","68.452,81 ","5.246.734,28 ","75,99 ","1.310.602,32","6,40 ","0,47","38,11"
10/2018,"0,45 ","3,7171 ","612.130,8 ","2.930.663,26 ","-190.841,16 ","774.385,20 ","67.935,83 ","5.231.391,55 ","75,29 ","1.407.385,21","6,40 ","0,54","38,36"
11/2018,"-0,21 ","3,8627 ","607.600,5 ","2.920.934,97 ","-196.139,03 ","788.333,31 ","69.371,35 ","5.284.132,65 ","75,68 ","1.367.989,40","6,40 ","0,49","38,80"
12/2018,"0,15 ","3,8742 ","600.371,9 ","2.961.823,44 ","-198.121,09 ","798.184,94 ","72.949,50 ","5.271.982,26 ","75,27 ","1.360.792,49","6,40 ","0,49","39,3"
01/2019,"0,32 ","3,6513 ","578.910,8 ","3.015.192,55 ","-194.440,09 ","781.529,16 ","71.224,37 ","5.302.682,27 ","75,43 ","1.452.272,42","6,40 ","0,54","39,29"
02/2019,"0,43 ","3,7379 ","576.654,9 ","3.043.253,62 ","-206.199,35 ","784.478,52 ","71.418,32 ","5.336.549,58 ","75,52 ","1.427.686,56","6,40 ","0,49","39,54"
03/2019,"0,75 ","3,8961 ","601.987,8 ","3.016.102,48 ","-187.706,07 ","793.619,85 ","72.325,09 ","5.430.959,00 ","76,71 ","1.393.947,54","6,40 ","0,47","39,59"
04/2019,"0,57 ","3,9447 ","613.133,1 ","3.026.697,53 ","-190.815,89 ","798.710,42 ","73.389,57 ","5.479.642,90 ","77,12 ","1.389.115,24","6,40 ","0,52","39,82"
05/2019,"0,13 ","3,9401 ","616.054,5 ","3.066.126,66 ","-193.031,95 ","801.899,54 ","73.304,13 ","5.480.569,48 ","76,55 ","1.390.972,18","6,40 ","0,54","40,11"
06/2019,"0,01 ","3,8316 ","597.573,6 ","3.121.257,84 ","-198.689,00 ","799.864,63 ","73.406,82 ","5.498.994,83 ","76,67 ","1.435.169,34","6,40 ","0,47","40,56"
07/2019,"0,19 ","3,7643 ","632.358,3 ","3.148.072,41 ","-168.431,91 ","798.368,69 ","72.518,05 ","5.540.964,87 ","76,83 ","1.471.977,49","6,40 ","0,57","40,73"
08/2019,"0,11 ","4,1379 ","630.297,3 ","3.202.380,07 ","-298.608,72 ","818.161,28 ","74.473,07 ","5.617.716,11 ","77,56 ","1.357.624,91","5,90 ","0,50","41,13"
09/2019,"-0,04 ","4,1638 ","617.954,6 ","3.221.125,06 ","-276.796,44 ","823.068,64 ","74.841,04 ","5.580.374,85 ","76,60 ","1.340.212,3","5,71 ","0,46","41,21"
10/2019,"0,10 ","4,0035 ","649.366,8 ","3.237.113,93 ","-233.797,17 ","819.688,24 ","74.673,67 ","5.549.355,51 ","75,79 ","1.386.126,2","5,38 ","0,48","41,35"
11/2019,"0,51 ","4,2234 ","637.674,9 ","3.285.446,82 ","-301.150,23 ","828.951,52 ","75.715,49 ","5.602.290,22 ","76,20 ","1.326.488,19","4,90 ","0,38","41,58"
12/2019,"1,15 ","4,0301 ","637.164,3 ","3.323.913,97 ","-245.894,91 ","829.424,61 ","78.505,90 ","5.500.104,16 ","74,44 ","1.364.756,25","4,59 ","0,37","41,47"
01/2020,"0,21 ","4,2689 ","614.690,5 ","3.310.594,77 ","-330.466,70 ","833.033,07 ","78.470,51 ","5.550.452,10 ","74,75 ","1.300.206,63","4,40 ","0,38","41,51"
02/2020,"0,25 ","4,4981 ","618.367,9 ","3.361.566,30 ","-414.632,09 ","839.575,74 ","78.608,29 ","5.611.015,18 ","75,15 ","1.247.418,95","4,19 ","0,29","41,46"
03/2020,"0,07 ","5,1981 ","635.036,1 ","3.405.597,12 ","-622.295,51 ","870.415,97 ","82.635,18 ","5.758.363,33 ","76,78 ","1.107.782,33","3,95 ","0,34","41,55"
04/2020,"-0,31 ","5,4264 ","568.256,2 ","3.521.334,50 ","-706.026,57 ","882.916,27 ","84.462,38 ","5.817.892,36 ","78,04 ","1.072.145,87","3,65 ","0,28","40,86"
05/2020,"-0,38 ","5,4257 ","576.737,3 ","3.663.290,01 ","-717.102,98 ","889.271,79 ","85.460,29 ","5.929.085,15 ","79,96 ","1.092.777,92","3,01 ","0,24","40,3"
06/2020,"0,26 ","5,4754 ","607.730,1 ","3.879.965,21 ","-740.528,41 ","888.143,41 ","85.771,80 ","6.153.523,83 ","82,87 ","1.123.849,19","2,58 ","0,21","39,37"
07/2020,"0,36 ","5,2027 ","644.069,1 ","3.988.044,12 ","-685.914,91 ","873.561,80 ","85.514,61 ","6.210.041,66 ","83,50 ","1.193.619,2","2,15 ","0,19","39,23"
08/2020,"0,24 ","5,4707 ","637.173,3 ","3.766.889,18 ","-426.386,20 ","877.652,45 ","86.239,45 ","6.389.754,50 ","85,84 ","1.167.995,78","1,94 ","0,16","39,20"
09/2020,"0,64 ","5,6401 ","648.081,0 ","3.872.255,25 ","-468.969,91 ","879.246,15 ","86.325,02 ","6.533.712,36 ","87,42 ","1.158.439,10","1,90 ","0,16","39,59"
10/2020,"0,86 ","5,7712 ","674.198,4 ","3.912.652,41 ","-509.077,89 ","881.367,28 ","87.030,27 ","6.574.653,33 ","87,67 ","1.139.217,72","1,90 ","0,16","40,20"
11/2020,"0,89 ","5,3311 ","679.743,5 ","3.945.120,12 ","-390.451,86 ","866.565,65 ","84.540,33 ","6.558.571,31 ","86,97 ","1.230.247,29","1,90 ","0,15","41,3"
12/2020,"1,35 ","5,1961 ","705.513,6 ","4.018.630,30 ","-367.170,76 ","868.303,02 ","86.181,73 ","6.615.755,20 ","86,94 ","1.273.215,53","1,90 ","0,16","41,75"
01/2021,"0,25 ","5,4753 ","679.766,2 ","4.030.858,19 ","-445.232,28 ","846.046,55 ","85.589,93 ","6.670.267,06 ","86,91 ","1.218.246,87","1,90 ","0,15","42,6"
02/2021,"0,86 ","5,5296 ","707.097,5 ","4.078.667,61 ","-449.950,85 ","840.523,28 ","85.110,50 ","6.744.244,12 ","86,87 ","1.219.662,20","1,90 ","0,13","42,25"
03/2021,"0,93 ","5,6967 ","769.806,4 ","4.113.490,28 ","-488.355,36 ","845.667,16 ","85.951,50 ","6.721.063,14 ","85,10 ","1.179.816,94","2,23 ","0,20","42,43"
04/2021,"0,31 ","5,4030 ","737.649,9 ","4.103.728,90 ","-427.183,79 ","831.740,71 ","83.248,36 ","6.665.275,15 ","82,62 ","1.233.624,87","2,65 ","0,21","42,88"
05/2021,"0,83 ","5,2316 ","731.491,2 ","4.147.746,39 ","-386.342,77 ","824.018,89 ","81.921,65 ","6.696.353,78 ","81,44 ","1.279.981,99","3,29 ","0,27","43,83"
06/2021,"0,53 ","5,0016 ","734.497,7 ","4.241.470,40 ","-316.392,73 ","811.568,17 ","80.390,04 ","6.729.562,39 ","80,60 ","1.345.481,92","3,76 ","0,31","44,52"
07/2021,"0,96 ","5,1210 ","765.625,7 ","4.300.777,81 ","-359.076,86 ","810.813,98 ","79.522,93 ","6.797.927,95 ","80,25 ","1.327.461,3","4,15 ","0,36","45,18"
08/2021,"0,87 ","5,1427 ","767.695,0 ","4.346.930,88 ","-351.409,32 ","789.669,99 ","75.953,70 ","6.849.857,48 ","79,64 ","1.331.957,43","5,01 ","0,43","46,43"
09/2021,"1,16 ","5,4388 ","762.530,3 ","4.393.621,84 ","-424.175,06 ","795.009,45 ","74.218,65 ","6.939.728,60 ","79,62 ","1.275.966,87","5,43 ","0,44","47,47"
10/2021,"1,25 ","5,6424 ","772.517,5 ","4.417.142,71 ","-478.589,68 ","800.831,60 ","71.748,97 ","7.009.119,32 ","79,52 ","1.242.223,5","6,30 ","0,49","48,16"
11/2021,"0,95 ","5,6193 ","788.141,9 ","4.452.730,71 ","-466.150,91 ","797.116,54 ","66.652,54 ","6.978.912,93 ","78,22 ","1.241.954,15","7,65 ","0,59","48,92"
12/2021,"0,73 ","5,5799 ","795.322,7 ","4.479.219,91 ","-449.506,82 ","809.985,96 ","70.504,20 ","6.966.925,20 ","77,31 ","1.248.575,28","8,76 ","0,77","49,44"
01/2022,"0,54 ","5,3568 ","723.736,9 ","4.433.862,72 ","-377.277,98 ","788.700,74 ","68.170,78 ","6.973.243,10 ","77,00 ","1.301.755,36","9,15 ","0,73","49,60"
02/2022,"1,01 ","5,1388 ","753.380,0 ","4.412.427,14 ","-244.446,10 ","770.127,42 ","63.060,67 ","7.001.664,30 ","76,92 ","1.362.509,59","10,49 ","0,76","49,47"
03/2022,"1,62 ","4,7372 ","842.411,3 ","4.460.662,32 ","-119.147,77 ","753.503,41 ","58.013,25 ","7.009.269,27 ","76,40 ","1.479.622,83","11,15 ","0,93","49,52"
04/2022,"1,06 ","4,9185 ","832.097,1 ","4.485.921,21 ","-118.243,05 ","754.983,72 ","57.908,55 ","7.075.133,23 ","76,33 ","1.438.473,77","11,65 ","0,83","49,60"
05/2022,"0,47 ","4,7283 ","841.746,7 ","4.561.755,86 ","-74.813,14 ","748.381,03 ","55.862,86 ","7.098.469,68 ","75,68 ","1.501.273,12","12,51 ","1,3","49,49"
06/2022,"0,67 ","5,2374 ","843.637,7 ","4.608.672,32 ","-170.296,98 ","769.414,65 ","55.606,30 ","7.174.528,52 ","75,61 ","1.369.864,54","12,89 ","1,2","49,62"
07/2022,"-0,68 ","5,1878 ","869.133,2 ","4.619.940,52 ","-168.512,40 ","771.160,01 ","54.871,96 ","7.217.112,27 ","75,24 ","1.391.170,10","13,15 ","1,3","49,88"
08/2022,"-0,36 ","5,1784 ","873.862,3 ","4.698.506,53 ","-129.847,03 ","781.141,26 ","32.245,69 ","7.231.619,18 ","74,56 ","1.396.496,83","13,58 ","1,17","49,59"
09/2022,"-0,29 ","5,4060 ","858.186,5 ","4.723.540,63 ","-119.242,36 ","791.597,05 ","36.187,52 ","7.262.409,90 ","74,15 ","1.343.398,6","13,65 ","1,7","49,48"
10/2022,"0,59 ","5,2564 ","880.537,5 ","4.723.266,34 ","-68.533,41 ","796.892,71 ","36.345,22 ","7.297.886,22 ","73,70 ","1.388.381,6","13,65 ","1,2","49,66"
11/2022,"0,41 ","5,2935 ","880.820,2 ","4.783.323,37 ","-106.058,85 ","808.236,63 ","37.714,00 ","7.290.852,55 ","72,95 ","1.377.321,72","13,65 ","1,2","49,41"
12/2022,"0,62 ","5,2171 ","880.127,5 ","4.827.099,07 ","-88.719,40 ","819.931,11 ","44.810,04 ","7.224.882,23 ","71,68 ","1.384.846,41","13,65 ","1,12","49,0"
01/2023,"0,53 ","5,0987 ","811.941,5 ","4.791.744,63 ","-80.446,27 ","805.428,41 ","40.007,16 ","7.257.238,78 ","71,37 ","1.423.350,81","13,65 ","1,12","48,95"
02/2023,"0,84 ","5,2072 ","829.763,0 ","4.875.622,71 ","-69.486,18 ","807.460,75 ","36.314,31 ","7.351.858,08 ","71,77 ","1.411.863,97","13,65 ","0,92","48,66"
03/2023,"0,71 ","5,0798 ","939.313,6 ","4.943.427,90 ","-65.457,93 ","812.484,34 ","38.428,90 ","7.398.049,66 ","71,54 ","1.456.366,33","13,65 ","1,17","48,58"
04/2023,"0,61 ","5,0001 ","909.689,3 ","4.967.402,18 ","-52.356,30 ","812.006,43 ","38.130,63 ","7.456.708,22 ","71,57 ","1.491.311,82","13,65 ","0,92","48,51"
05/2023,"0,23 ","5,0953 ","912.415,4 ","5.055.125,69 ","-48.780,85 ","827.533,18 ","40.159,17 ","7.563.933,30 ","72,11 ","1.484.492,24","13,65 ","1,12","48,83"
06/2023,"-0,08 ","4,8186 ","905.475,2 ","5.128.473,13 ","41.166,99 ","821.767,88 ","42.630,66 ","7.594.036,70 ","71,97 ","1.575.984,4","13,65 ","1,7","48,40"
07/2023,"0,12 ","4,7409 ","921.296,6 ","5.198.135,59 ","58.392,43 ","823.861,39 ","45.065,72 ","7.685.542,67 ","72,48 ","1.621.114,70","13,65 ","1,7","47,98"
08/2023,"0,23 ","4,9213 ","932.293,5 ","5.283.360,64 ","32.054,42 ","834.457,29 ","45.475,20 ","7.771.630,84 ","72,89 ","1.579.182,50","13,19 ","1,14","48,17"
09/2023,"0,26 ","5,0070 ","915.855,3 ","5.323.386,34 ","52.233,63 ","841.254,26 ","46.580,20 ","7.826.080,16 ","73,01 ","1.563.027,79","12,97 ","0,97","48,6"
10/2023,"0,24 ","5,0569 ","953.945,2 ","5.351.578,10 ","50.512,69 ","852.916,56 ","48.512,86 ","7.913.479,78 ","73,32 ","1.564.887,54","12,65 ","1,0","48,13"
11/2023,"0,28 ","4,9349 ","961.832,7 ","5.431.451,98 ","42.371,10 ","852.346,73 ","49.949,20 ","7.972.577,48 ","73,32 ","1.615.549,96","12,17 ","0,92","48,13"
12/2023,"0,56 ","4,8407 ","949.523,3 ","5.613.293,49 ","44.007,00 ","852.447,31 ","55.637,63 ","8.079.270,02 ","73,83 ","1.669.029,28","11,87 ","0,89","47,69"
01/2024,"0,42 ","4,9529 ","888.790,3 ","5.633.243,69 ","-13.907,47 ","842.262,32 ","53.962,44 ","8.210.714,54 ","74,51 ","1.657.759,0","11,65 ","0,97","47,84"
02/2024,"0,83 ","4,9827 ","898.926,8 ","5.752.327,38 ","-2.845,12 ","841.212,51 ","53.512,15 ","8.301.795,56 ","74,86 ","1.666.123,90","11,15 ","0,80","47,78"
03/2024,"0,16 ","4,9956 ","965.482,7 ","5.802.366,54 ","-9.724,41 ","842.964,84 ","55.933,89 ","8.347.113,99 ","75,09 ","1.670.893,18","11,00 ","0,83","47,75"
04/2024,"0,38 ","5,1712 ","989.619,6 ","5.855.255,02 ","-29.234,87 ","851.848,57 ","59.079,88 ","8.424.193,19 ","75,25 ","1.629.059,64","10,65 ","0,89","47,70"
05/2024,"0,46 ","5,2410 ","961.853,7 ","5.979.709,68 ","-55.867,02 ","859.082,81 ","61.469,70 ","8.522.783,42 ","75,79 ","1.626.175,5","10,46 ","0,83","47,57"
06/2024,"0,21 ","5,5583 ","969.756,1 ","6.091.470,51 ","-137.353,17 ","872.331,58 ","64.358,81 ","8.691.534,95 ","76,85 ","1.563.703,82","10,40 ","0,79","47,67"
07/2024,"0,38 ","5,6615 ","1.007.672,7 ","6.161.706,41 ","-181.289,24 ","872.431,91 ","70.077,00 ","8.826.381,74 ","77,45 ","1.559.018,24","10,40 ","0,91","47,84"
08/2024,"-0,02 ","5,6556 ","993.542,6 ","6.238.890,77 ","-200.360,96 ","874.622,58 ","73.507,95 ","8.898.037,21 ","77,67 ","1.573.314,45","10,40 ","0,87","47,99"
09/2024,"0,44 ","5,4475 ","988.698,1 ","6.283.834,36 ","-157.212,57 ","875.457,52 ","75.533,98 ","8.928.002,71 ","77,44 ","1.638.917,43","10,50 ","0,84","48,1"
10/2024,"0,56 ","5,7773 ","1.050.277,4 ","6.325.912,01 ","-201.468,34 ","886.899,82 ","81.417,01 ","9.031.877,39 ","77,69 ","1.563.338,82","10,65 ","0,93","48,7"
11/2024,"0,39 ","6,0529 ","1.027.050,4 ","6.399.452,60 ","-271.103,81 ","897.947,80 ","84.973,38 ","9.091.103,83 ","77,76 ","1.501.941,85","11,04 ","0,79","48,29"
12/2024,"0,52 ","6,1917 ","1.003.039,7 ","6.438.759,93 ","-267.060,39 ","915.686,78 ","90.713,02 ","8.984.236,59 ","76,50 ","1.451.012,90","11,77 ","0,93","48,43"
01/2025,"0,16 ","5,8295 ","950.827,4 ","6.523.329,06 ","-317.880,35 ","890.742,06 ","87.691,05 ","8.939.978,05 ","75,72 ","1.533.575,44","12,24 ","1,1","48,62"
02/2025,"1,31 ","5,8482 ","977.326,4 ","6.625.841,51 ","-342.063,69 ","890.151,82 ","85.700,55 ","9.045.259,98 ","76,11 ","1.546.674,19","13,15 ","0,99","48,49"
03/2025,"0,56 ","5,7416 ","1.063.076,3 ","6.666.757,92 ","-297.593,45 ","889.809,79 ","83.235,76 ","9.095.938,27 ","75,91 ","1.584.216,64","13,57 ","0,96","48,56"
